msn,work_order,point_id,rail,dx_value (mm),dy_value (mm),dz_value (mm)
11402,1016408792,FR035_MR1292L_SJ_0015_NFF,1292L,-0.13,-0.30,0.10
11402,1016408792,FR035_MR1292R_SJ_0015_NFF,1292R,0.13,-0.62,0.44
11402,1016408792,FR035_MR0254L_RJ_0001_NFF,254L,0.21,0.59,-0.43
11402,1016408792,FR035_MR0254R_RJ_0001_NFF,254R,-0.73,-0.61,-0.65
11402,1016408792,FR035_MR0765L_SJ_0007_NFF,765L,-0.16,1.18,0.71
11402,1016408792,FR035_MR0765R_SJ_0007_NFF,765R,-0.38,0.44,0.54
11451,1016681539,FR035_MR1292L_SJ_0015_NFF,1292L,-0.18,-0.01,1.64
11451,1016681539,FR035_MR1292R_SJ_0015_NFF,1292R,0.18,-0.83,0.60
11451,1016681539,FR035_MR0254L_RJ_0001_NFF,254L,0.51,1.42,0.62
11451,1016681539,FR035_MR0254R_RJ_0001_NFF,254R,0.16,-0.41,0.11
11451,1016681539,FR035_MR0765L_SJ_0007_NFF,765L,-0.03,1.98,1.30
11451,1016681539,FR035_MR0765R_SJ_0007_NFF,765R,0.21,-1.04,0.06
11471,1016544322,FR035_MR1292L_SJ_0015_NFF,1292L,0.15,1.59,2.65
11471,1016544322,FR035_MR1292R_SJ_0015_NFF,1292R,-0.15,-0.08,-0.53
11471,1016544322,FR035_MR0254L_RJ_0001_NFF,254L,0.67,1.77,-1.23
11471,1016544322,FR035_MR0254R_RJ_0001_NFF,254R,0.08,0.50,-1.44
11471,1016544322,FR035_MR0765L_SJ_0007_NFF,765L,0.16,0.17,0.15
11471,1016544322,FR035_MR0765R_SJ_0007_NFF,765R,-0.30,0.78,-0.37
11478,1016544338,FR035_MR1292L_SJ_0015_NFF,1292L,0.34,1.08,0.25
11478,1016544338,FR035_MR1292R_SJ_0015_NFF,1292R,-0.34,-0.75,0.00
11478,1016544338,FR035_MR0254L_RJ_0001_NFF,254L,0.12,0.25,-0.44
11478,1016544338,FR035_MR0254R_RJ_0001_NFF,254R,-0.54,-0.23,-0.12
11478,1016544338,FR035_MR0765L_SJ_0007_NFF,765L,-0.19,-0.05,-0.03
11478,1016544338,FR035_MR0765R_SJ_0007_NFF,765R,-0.52,-1.52,-0.30
11493,1016961721,FR035_MR1292L_SJ_0015_NFF,1292L,0.27,0.07,1.16
11493,1016961721,FR035_MR1292R_SJ_0015_NFF,1292R,-0.27,-0.84,0.73
11493,1016961721,FR035_MR0254L_RJ_0001_NFF,254L,0.41,1.01,-1.00
11493,1016961721,FR035_MR0254R_RJ_0001_NFF,254R,-0.89,0.80,-1.42
11493,1016961721,FR035_MR0765L_SJ_0007_NFF,765L,-0.11,0.30,0.50
11493,1016961721,FR035_MR0765R_SJ_0007_NFF,765R,-0.03,-1.97,-0.45
11494,1016562902,FR035_MR1292L_SJ_0015_NFF,1292L,0.35,1.57,0.90
11494,1016562902,FR035_MR1292R_SJ_0015_NFF,1292R,-0.35,-0.10,1.05
11494,1016562902,FR035_MR0254L_RJ_0001_NFF,254L,0.24,-0.10,-0.45
11494,1016562902,FR035_MR0254R_RJ_0001_NFF,254R,-0.26,1.85,-1.39
11494,1016562902,FR035_MR0765L_SJ_0007_NFF,765L,-0.05,1.69,0.61
11494,1016562902,FR035_MR0765R_SJ_0007_NFF,765R,-0.87,-0.50,0.63
11501,1016617225,FR035_MR1292L_SJ_0015_NFF,1292L,-0.38,1.28,0.99
11501,1016617225,FR035_MR1292R_SJ_0015_NFF,1292R,0.38,0.46,0.17
11501,1016617225,FR035_MR0254L_RJ_0001_NFF,254L,0.68,1.30,-1.78
11501,1016617225,FR035_MR0254R_RJ_0001_NFF,254R,0.20,1.16,-0.55
11501,1016617225,FR035_MR0765L_SJ_0007_NFF,765L,0.62,0.86,-0.74
11501,1016617225,FR035_MR0765R_SJ_0007_NFF,765R,0.02,0.79,0.39
11508,1016748794,FR035_MR1292L_SJ_0015_NFF,1292L,0.07,1.26,2.98
11508,1016748794,FR035_MR1292R_SJ_0015_NFF,1292R,-0.07,-1.37,-0.54
11508,1016748794,FR035_MR0254L_RJ_0001_NFF,254L,0.42,0.40,-1.13
11508,1016748794,FR035_MR0254R_RJ_0001_NFF,254R,0.07,3.32,-1.15
11508,1016748794,FR035_MR0765L_SJ_0007_NFF,765L,0.32,1.31,1.30
11508,1016748794,FR035_MR0765R_SJ_0007_NFF,765R,-0.49,0.66,-0.66
11517,1016598311,FR035_MR1292L_SJ_0015_NFF,1292L,0.48,2.18,1.94
11517,1016598311,FR035_MR1292R_SJ_0015_NFF,1292R,-0.48,-1.19,0.39
11517,1016598311,FR035_MR0254L_RJ_0001_NFF,254L,0.18,2.72,-1.17
11517,1016598311,FR035_MR0254R_RJ_0001_NFF,254R,-0.08,1.25,-1.49
11517,1016598311,FR035_MR0765L_SJ_0007_NFF,765L,0.52,1.27,0.44
11517,1016598311,FR035_MR0765R_SJ_0007_NFF,765R,0.12,0.41,-0.08
11525,1016959564,FR035_MR1292L_SJ_0015_NFF,1292L,-0.85,0.15,0.50
11525,1016959564,FR035_MR1292L_SJ_0015_NFF,1292L,-0.85,0.15,0.50
11525,1016959564,FR035_MR1292R_SJ_0015_NFF,1292R,0.85,0.01,0.25
11525,1016959564,FR035_MR1292R_SJ_0015_NFF,1292R,0.85,0.01,0.25
11525,1016959564,FR035_MR0254L_RJ_0001_NFF,254L,-0.23,-0.53,-1.89
11525,1016959564,FR035_MR0254L_RJ_0001_NFF,254L,-0.23,-0.53,-1.89
11525,1016959564,FR035_MR0254R_RJ_0001_NFF,254R,-0.47,-1.12,-1.95
11525,1016959564,FR035_MR0254R_RJ_0001_NFF,254R,-0.47,-1.12,-1.95
11525,1016959564,FR035_MR0765L_SJ_0007_NFF,765L,-0.81,0.97,0.37
11525,1016959564,FR035_MR0765L_SJ_0007_NFF,765L,-0.81,0.97,0.37
11525,1016959564,FR035_MR0765R_SJ_0007_NFF,765R,0.69,2.43,-0.21
11525,1016959564,FR035_MR0765R_SJ_0007_NFF,765R,0.69,2.43,-0.21
11533,1016452856,FR035_MR1292L_SJ_0015_NFF,1292L,-0.29,0.68,3.33
11533,1016452856,FR035_MR1292R_SJ_0015_NFF,1292R,0.29,0.05,1.80
11533,1016452856,FR035_MR0254L_RJ_0001_NFF,254L,-0.09,0.79,0.61
11533,1016452856,FR035_MR0254R_RJ_0001_NFF,254R,0.30,-1.59,-0.11
11533,1016452856,FR035_MR0765L_SJ_0007_NFF,765L,0.37,1.19,1.92
11533,1016452856,FR035_MR0765R_SJ_0007_NFF,765R,0.29,-1.85,0.60
11539,1016890341,FR035_MR1292L_SJ_0015_NFF,1292L,0.26,0.81,0.82
11539,1016890341,FR035_MR1292R_SJ_0015_NFF,1292R,-0.26,-1.44,2.33
11539,1016890341,FR035_MR0254L_RJ_0001_NFF,254L,0.32,0.76,-2.24
11539,1016890341,FR035_MR0254R_RJ_0001_NFF,254R,-0.01,0.72,-1.61
11539,1016890341,FR035_MR0765L_SJ_0007_NFF,765L,0.01,0.36,-0.65
11539,1016890341,FR035_MR0765R_SJ_0007_NFF,765R,-0.37,-0.69,0.45
11550,1016919839,FR035_MR1292L_SJ_0015_NFF,1292L,-0.28,0.13,-0.13
11550,1016919839,FR035_MR1292R_SJ_0015_NFF,1292R,0.28,-1.78,0.03
11550,1016919839,FR035_MR0254L_RJ_0001_NFF,254L,0.26,-0.43,-1.60
11550,1016919839,FR035_MR0254R_RJ_0001_NFF,254R,-0.81,-1.53,-1.37
11550,1016919839,FR035_MR0765L_SJ_0007_NFF,765L,-0.63,0.17,0.09
11550,1016919839,FR035_MR0765R_SJ_0007_NFF,765R,-0.01,-0.89,-0.25
11554,1016440934,FR035_MR1292L_SJ_0015_NFF,1292L,0.52,0.72,1.34
11554,1016440934,FR035_MR1292R_SJ_0015_NFF,1292R,-0.52,-1.09,-0.18
11554,1016440934,FR035_MR0254L_RJ_0001_NFF,254L,0.09,1.96,-1.02
11554,1016440934,FR035_MR0254R_RJ_0001_NFF,254R,0.36,1.24,-1.06
11554,1016440934,FR035_MR0765L_SJ_0007_NFF,765L,0.44,-0.10,-0.44
11554,1016440934,FR035_MR0765R_SJ_0007_NFF,765R,-0.55,0.40,-0.54
11568,1016943907,FR035_MR1292L_SJ_0015_NFF,1292L,0.14,-0.50,2.23
11568,1016943907,FR035_MR1292R_SJ_0015_NFF,1292R,-0.14,-1.99,0.13
11568,1016943907,FR035_MR0254L_RJ_0001_NFF,254L,-0.06,0.50,-0.51
11568,1016943907,FR035_MR0254R_RJ_0001_NFF,254R,1.25,-2.01,-1.50
11568,1016943907,FR035_MR0765L_SJ_0007_NFF,765L,0.55,-2.15,2.67
11568,1016943907,FR035_MR0765R_SJ_0007_NFF,765R,-0.26,-2.71,-1.06
11571,1016918370,FR035_MR1292L_SJ_0015_NFF,1292L,0.17,0.29,1.18
11571,1016918370,FR035_MR1292R_SJ_0015_NFF,1292R,-0.17,-2.04,-0.81
11571,1016918370,FR035_MR0254L_RJ_0001_NFF,254L,0.18,-0.54,-2.40
11571,1016918370,FR035_MR0254R_RJ_0001_NFF,254R,0.45,-1.17,-2.28
11571,1016918370,FR035_MR0765L_SJ_0007_NFF,765L,0.06,-0.26,-0.75
11571,1016918370,FR035_MR0765R_SJ_0007_NFF,765R,0.23,-2.97,-0.16
11577,1017744621,FR035_MR1292L_SJ_0015_NFF,1292L,-0.06,0.03,1.73
11577,1017744621,FR035_MR1292R_SJ_0015_NFF,1292R,0.06,0.34,0.03
11577,1017744621,FR035_MR0254L_RJ_0001_NFF,254L,0.80,0.11,-2.30
11577,1017744621,FR035_MR0254R_RJ_0001_NFF,254R,0.85,-1.46,-1.82
11577,1017744621,FR035_MR0765L_SJ_0007_NFF,765L,0.00,-0.71,0.09
11577,1017744621,FR035_MR0765R_SJ_0007_NFF,765R,-0.46,-1.59,0.29
11582,1017178275,FR035_MR1292L_SJ_0015_NFF,1292L,-0.79,-0.50,1.32
11582,1017178275,FR035_MR1292R_SJ_0015_NFF,1292R,0.79,-0.40,-0.12
11582,1017178275,FR035_MR0254L_RJ_0001_NFF,254L,-0.86,-0.28,-0.65
11582,1017178275,FR035_MR0254R_RJ_0001_NFF,254R,-1.64,0.12,-0.35
11582,1017178275,FR035_MR0765L_SJ_0007_NFF,765L,-1.01,-0.40,-0.25
11582,1017178275,FR035_MR0765R_SJ_0007_NFF,765R,-1.08,-0.22,1.33
11583,1017023825,FR035_MR1292L_SJ_0015_NFF,1292L,0.06,1.55,0.77
11583,1017023825,FR035_MR1292R_SJ_0015_NFF,1292R,-0.06,-0.47,0.93
11583,1017023825,FR035_MR0254L_RJ_0001_NFF,254L,-0.07,1.92,-1.57
11583,1017023825,FR035_MR0254R_RJ_0001_NFF,254R,-0.32,0.92,-1.74
11583,1017023825,FR035_MR0765L_SJ_0007_NFF,765L,-0.47,1.01,-0.66
11583,1017023825,FR035_MR0765R_SJ_0007_NFF,765R,-0.21,-0.05,0.25
11592,1017431068,FR035_MR1292L_SJ_0015_NFF,1292L,0.53,-0.32,-0.26
11592,1017431068,FR035_MR1292R_SJ_0015_NFF,1292R,-0.53,-0.59,0.58
11592,1017431068,FR035_MR0254L_RJ_0001_NFF,254L,0.86,0.61,-1.75
11592,1017431068,FR035_MR0254R_RJ_0001_NFF,254R,0.54,-1.77,-2.08
11592,1017431068,FR035_MR0765L_SJ_0007_NFF,765L,0.43,1.07,-0.57
11592,1017431068,FR035_MR0765R_SJ_0007_NFF,765R,-1.26,-1.45,-0.46
11606,1016488353,FR035_MR1292L_SJ_0015_NFF,1292L,-0.32,-0.11,0.21
11606,1016488353,FR035_MR1292R_SJ_0015_NFF,1292R,0.32,0.50,0.20
11606,1016488353,FR035_MR0254L_RJ_0001_NFF,254L,0.47,1.33,-0.11
11606,1016488353,FR035_MR0254R_RJ_0001_NFF,254R,-0.31,0.06,-0.45
11606,1016488353,FR035_MR0765L_SJ_0007_NFF,765L,-0.26,0.87,0.18
11606,1016488353,FR035_MR0765R_SJ_0007_NFF,765R,0.28,-1.48,-0.05
11612,1016487471,FR035_MR1292L_SJ_0015_NFF,1292L,0.27,0.84,0.52
11612,1016487471,FR035_MR1292R_SJ_0015_NFF,1292R,-0.27,0.00,0.55
11612,1016487471,FR035_MR0254L_RJ_0001_NFF,254L,1.19,1.85,-1.38
11612,1016487471,FR035_MR0254R_RJ_0001_NFF,254R,-0.97,-0.60,-1.09
11612,1016487471,FR035_MR0765L_SJ_0007_NFF,765L,0.62,-1.08,-0.51
11612,1016487471,FR035_MR0765R_SJ_0007_NFF,765R,-0.49,0.16,-0.49
11614,1017076439,FR035_MR1292L_SJ_0015_NFF,1292L,-0.51,2.20,1.60
11614,1017076439,FR035_MR1292R_SJ_0015_NFF,1292R,0.51,-0.15,-1.37
11614,1017076439,FR035_MR0254L_RJ_0001_NFF,254L,-0.64,3.12,-2.17
11614,1017076439,FR035_MR0254R_RJ_0001_NFF,254R,-1.08,1.43,-3.02
11614,1017076439,FR035_MR0765L_SJ_0007_NFF,765L,-0.53,1.78,-0.96
11614,1017076439,FR035_MR0765R_SJ_0007_NFF,765R,0.47,0.86,-1.20
11621,1016407069,FR035_MR1292L_SJ_0015_NFF,1292L,-0.08,-0.48,0.10
11621,1016407069,FR035_MR1292R_SJ_0015_NFF,1292R,0.08,-0.93,0.14
11621,1016407069,FR035_MR0254L_RJ_0001_NFF,254L,-0.41,0.59,-0.27
11621,1016407069,FR035_MR0254R_RJ_0001_NFF,254R,-0.16,-0.83,0.41
11621,1016407069,FR035_MR0765L_SJ_0007_NFF,765L,-0.98,-1.06,0.40
11621,1016407069,FR035_MR0765R_SJ_0007_NFF,765R,-0.07,-2.14,0.40
11625,1017343859,FR035_MR1292L_SJ_0015_NFF,1292L,0.07,1.20,0.97
11625,1017343859,FR035_MR1292R_SJ_0015_NFF,1292R,-0.07,-0.62,0.32
11625,1017343859,FR035_MR0254L_RJ_0001_NFF,254L,0.74,0.85,-1.90
11625,1017343859,FR035_MR0254R_RJ_0001_NFF,254R,-0.45,0.03,-2.10
11625,1017343859,FR035_MR0765L_SJ_0007_NFF,765L,0.25,0.04,-0.12
11625,1017343859,FR035_MR0765R_SJ_0007_NFF,765R,-0.89,0.77,0.29
11626,1017140574,FR035_MR1292L_SJ_0015_NFF,1292L,-0.03,0.94,0.82
11626,1017140574,FR035_MR1292R_SJ_0015_NFF,1292R,0.03,-0.82,0.15
11626,1017140574,FR035_MR0254L_RJ_0001_NFF,254L,0.83,0.50,-1.59
11626,1017140574,FR035_MR0254R_RJ_0001_NFF,254R,-0.06,-2.74,-1.87
11626,1017140574,FR035_MR0765L_SJ_0007_NFF,765L,0.50,-0.71,-0.06
11626,1017140574,FR035_MR0765R_SJ_0007_NFF,765R,-0.04,-1.88,0.41
11627,1017297347,FR035_MR1292L_SJ_0015_NFF,1292L,-0.18,0.31,0.31
11627,1017297347,FR035_MR1292R_SJ_0015_NFF,1292R,0.18,-0.44,0.16
11627,1017297347,FR035_MR0254L_RJ_0001_NFF,254L,-0.17,0.57,-1.42
11627,1017297347,FR035_MR0254R_RJ_0001_NFF,254R,-1.00,0.24,-1.26
11627,1017297347,FR035_MR0765L_SJ_0007_NFF,765L,-0.40,0.79,-0.97
11627,1017297347,FR035_MR0765R_SJ_0007_NFF,765R,-0.04,0.07,-0.55
11629,1016570101,FR035_MR1292L_SJ_0015_NFF,1292L,0.13,1.72,0.69
11629,1016570101,FR035_MR1292R_SJ_0015_NFF,1292R,-0.13,-0.72,0.72
11629,1016570101,FR035_MR0254L_RJ_0001_NFF,254L,0.07,1.71,0.10
11629,1016570101,FR035_MR0254R_RJ_0001_NFF,254R,0.04,-0.68,-1.09
11629,1016570101,FR035_MR0765L_SJ_0007_NFF,765L,-0.11,1.21,1.01
11629,1016570101,FR035_MR0765R_SJ_0007_NFF,765R,-0.80,-0.66,0.10
11633,1016452858,FR035_MR1292L_SJ_0015_NFF,1292L,-0.47,0.37,0.94
11633,1016452858,FR035_MR1292R_SJ_0015_NFF,1292R,0.47,-0.51,0.27
11633,1016452858,FR035_MR0254L_RJ_0001_NFF,254L,0.31,-0.88,-0.66
11633,1016452858,FR035_MR0254R_RJ_0001_NFF,254R,1.05,-1.26,-0.11
11633,1016452858,FR035_MR0765L_SJ_0007_NFF,765L,-0.53,-0.13,0.96
11633,1016452858,FR035_MR0765R_SJ_0007_NFF,765R,0.23,-0.33,0.85
11635,1016426663,FR035_MR1292L_SJ_0015_NFF,1292L,-0.31,0.97,0.81
11635,1016426663,FR035_MR1292R_SJ_0015_NFF,1292R,0.31,-0.34,-0.12
11635,1016426663,FR035_MR0254L_RJ_0001_NFF,254L,0.41,-0.01,-1.10
11635,1016426663,FR035_MR0254R_RJ_0001_NFF,254R,-0.32,-1.76,-1.51
11635,1016426663,FR035_MR0765L_SJ_0007_NFF,765L,-0.20,0.98,-0.25
11635,1016426663,FR035_MR0765R_SJ_0007_NFF,765R,0.02,-0.38,0.79
11636,1017166944,FR035_MR1292L_SJ_0015_NFF,1292L,-0.50,-0.34,1.28
11636,1017166944,FR035_MR1292R_SJ_0015_NFF,1292R,0.50,-0.08,-0.32
11636,1017166944,FR035_MR0254L_RJ_0001_NFF,254L,0.60,1.79,-1.01
11636,1017166944,FR035_MR0254R_RJ_0001_NFF,254R,0.91,0.26,-0.70
11636,1017166944,FR035_MR0765L_SJ_0007_NFF,765L,0.49,-0.11,0.32
11636,1017166944,FR035_MR0765R_SJ_0007_NFF,765R,-0.04,0.73,-0.32
11637,1017209179,FR035_MR1292L_SJ_0015_NFF,1292L,0.09,0.97,0.19
11637,1017209179,FR035_MR1292R_SJ_0015_NFF,1292R,-0.09,-1.47,0.61
11637,1017209179,FR035_MR0254L_RJ_0001_NFF,254L,0.50,0.63,-1.85
11637,1017209179,FR035_MR0254R_RJ_0001_NFF,254R,-1.00,-1.12,-2.72
11637,1017209179,FR035_MR0765L_SJ_0007_NFF,765L,-0.12,0.81,-0.77
11637,1017209179,FR035_MR0765R_SJ_0007_NFF,765R,0.30,-1.90,-0.92
11639,1016784283,FR035_MR1292L_SJ_0015_NFF,1292L,0.06,0.00,0.38
11639,1016784283,FR035_MR1292R_SJ_0015_NFF,1292R,-0.06,-0.85,0.44
11639,1016784283,FR035_MR0254L_RJ_0001_NFF,254L,0.10,0.15,-1.47
11639,1016784283,FR035_MR0254R_RJ_0001_NFF,254R,-0.32,0.03,-1.42
11639,1016784283,FR035_MR0765L_SJ_0007_NFF,765L,-0.16,0.00,0.01
11639,1016784283,FR035_MR0765R_SJ_0007_NFF,765R,0.01,1.20,0.16
11640,1016511653,FR035_MR1292L_SJ_0015_NFF,1292L,-0.58,1.04,0.84
11640,1016511653,FR035_MR1292R_SJ_0015_NFF,1292R,0.58,-0.07,0.01
11640,1016511653,FR035_MR0254L_RJ_0001_NFF,254L,-0.08,1.23,-1.11
11640,1016511653,FR035_MR0254R_RJ_0001_NFF,254R,0.27,0.60,0.09
11640,1016511653,FR035_MR0765L_SJ_0007_NFF,765L,-0.21,0.19,-0.40
11640,1016511653,FR035_MR0765R_SJ_0007_NFF,765R,-0.12,0.04,-0.02
11643,1016861637,FR035_MR1292L_SJ_0015_NFF,1292L,0.02,-0.51,0.15
11643,1016861637,FR035_MR1292R_SJ_0015_NFF,1292R,-0.02,-1.15,0.73
11643,1016861637,FR035_MR0254L_RJ_0001_NFF,254L,0.25,-0.79,-1.04
11643,1016861637,FR035_MR0254R_RJ_0001_NFF,254R,0.02,3.53,-0.83
11643,1016861637,FR035_MR0765L_SJ_0007_NFF,765L,-0.18,-0.82,-0.14
11643,1016861637,FR035_MR0765R_SJ_0007_NFF,765R,-0.80,-0.34,0.34
11645,1016880587,FR035_MR1292L_SJ_0015_NFF,1292L,0.18,1.80,0.43
11645,1016880587,FR035_MR1292R_SJ_0015_NFF,1292R,-0.18,-0.67,0.33
11645,1016880587,FR035_MR0254L_RJ_0001_NFF,254L,-0.22,2.13,-0.69
11645,1016880587,FR035_MR0254R_RJ_0001_NFF,254R,-1.00,-0.26,-1.28
11645,1016880587,FR035_MR0765L_SJ_0007_NFF,765L,-0.45,0.33,0.16
11645,1016880587,FR035_MR0765R_SJ_0007_NFF,765R,-0.61,-0.21,0.15
11647,1016531733,FR035_MR1292L_SJ_0015_NFF,1292L,0.01,-0.28,-0.02
11647,1016531733,FR035_MR1292R_SJ_0015_NFF,1292R,-0.01,-0.14,0.28
11647,1016531733,FR035_MR0254L_RJ_0001_NFF,254L,0.01,0.87,-0.04
11647,1016531733,FR035_MR0254R_RJ_0001_NFF,254R,-0.36,0.78,0.09
11647,1016531733,FR035_MR0765L_SJ_0007_NFF,765L,-0.34,-0.71,0.14
11647,1016531733,FR035_MR0765R_SJ_0007_NFF,765R,-0.22,-0.25,0.21
11650,1016557530,FR035_MR1292L_SJ_0015_NFF,1292L,0.00,0.81,0.42
11650,1016557530,FR035_MR1292R_SJ_0015_NFF,1292R,0.00,-0.57,0.36
11650,1016557530,FR035_MR0254L_RJ_0001_NFF,254L,-0.12,2.39,-2.06
11650,1016557530,FR035_MR0254R_RJ_0001_NFF,254R,-0.15,-0.59,-1.47
11650,1016557530,FR035_MR0765L_SJ_0007_NFF,765L,0.01,0.97,-1.62
11650,1016557530,FR035_MR0765R_SJ_0007_NFF,765R,-1.29,-0.16,0.14
11654,1016650916,FR035_MR1292L_SJ_0015_NFF,1292L,-0.47,1.14,1.07
11654,1016650916,FR035_MR1292R_SJ_0015_NFF,1292R,0.47,-0.64,0.47
11654,1016650916,FR035_MR0254L_RJ_0001_NFF,254L,-0.05,2.07,-0.03
11654,1016650916,FR035_MR0254R_RJ_0001_NFF,254R,-0.52,-0.61,-1.13
11654,1016650916,FR035_MR0765L_SJ_0007_NFF,765L,-0.95,0.64,0.94
11654,1016650916,FR035_MR0765R_SJ_0007_NFF,765R,-0.96,-0.96,-0.18
11656,1016585546,FR035_MR1292L_SJ_0015_NFF,1292L,0.25,0.12,0.36
11656,1016585546,FR035_MR1292R_SJ_0015_NFF,1292R,-0.25,-1.35,-0.01
11656,1016585546,FR035_MR0254L_RJ_0001_NFF,254L,1.08,-0.51,-0.31
11656,1016585546,FR035_MR0254R_RJ_0001_NFF,254R,-0.19,-1.59,-0.15
11656,1016585546,FR035_MR0765L_SJ_0007_NFF,765L,-0.02,-1.11,0.04
11656,1016585546,FR035_MR0765R_SJ_0007_NFF,765R,0.12,-0.82,0.04
11662,1016629434,FR035_MR1292L_SJ_0015_NFF,1292L,-0.43,0.68,0.12
11662,1016629434,FR035_MR1292R_SJ_0015_NFF,1292R,0.43,-0.51,0.28
11662,1016629434,FR035_MR0254L_RJ_0001_NFF,254L,0.20,0.17,-1.53
11662,1016629434,FR035_MR0254R_RJ_0001_NFF,254R,-0.26,0.73,-1.29
11662,1016629434,FR035_MR0765L_SJ_0007_NFF,765L,-0.54,0.73,0.16
11662,1016629434,FR035_MR0765R_SJ_0007_NFF,765R,0.35,0.13,0.66
11664,1016557534,FR035_MR1292L_SJ_0015_NFF,1292L,0.01,1.85,2.20
11664,1016557534,FR035_MR1292R_SJ_0015_NFF,1292R,-0.01,0.89,0.11
11664,1016557534,FR035_MR0254L_RJ_0001_NFF,254L,0.57,3.45,-0.79
11664,1016557534,FR035_MR0254R_RJ_0001_NFF,254R,-0.44,0.64,-0.69
11664,1016557534,FR035_MR0765L_SJ_0007_NFF,765L,-0.44,1.65,1.04
11664,1016557534,FR035_MR0765R_SJ_0007_NFF,765R,-0.56,-0.04,0.20
11667,1016654231,FR035_MR1292L_SJ_0015_NFF,1292L,0.60,0.39,0.48
11667,1016654231,FR035_MR1292R_SJ_0015_NFF,1292R,-0.60,-0.19,0.59
11667,1016654231,FR035_MR0254L_RJ_0001_NFF,254L,0.12,1.16,0.12
11667,1016654231,FR035_MR0254R_RJ_0001_NFF,254R,-0.30,0.09,-0.25
11667,1016654231,FR035_MR0765L_SJ_0007_NFF,765L,-0.15,0.05,0.10
11667,1016654231,FR035_MR0765R_SJ_0007_NFF,765R,-0.43,-0.71,0.31
11668,1017286801,FR035_MR1292L_SJ_0015_NFF,1292L,0.30,1.04,-0.08
11668,1017286801,FR035_MR1292R_SJ_0015_NFF,1292R,-0.30,-0.97,0.94
11668,1017286801,FR035_MR0254L_RJ_0001_NFF,254L,0.45,2.66,-0.85
11668,1017286801,FR035_MR0254R_RJ_0001_NFF,254R,0.84,0.96,-1.65
11668,1017286801,FR035_MR0765L_SJ_0007_NFF,765L,0.31,1.82,-0.32
11668,1017286801,FR035_MR0765R_SJ_0007_NFF,765R,-0.88,2.09,-0.86
11669,1017343865,FR035_MR1292L_SJ_0015_NFF,1292L,-0.52,0.83,1.82
11669,1017343865,FR035_MR1292R_SJ_0015_NFF,1292R,0.52,-0.09,-0.65
11669,1017343865,FR035_MR0254L_RJ_0001_NFF,254L,0.05,0.80,-1.48
11669,1017343865,FR035_MR0254R_RJ_0001_NFF,254R,-0.58,0.97,-1.92
11669,1017343865,FR035_MR0765L_SJ_0007_NFF,765L,-0.23,-1.54,-0.05
11669,1017343865,FR035_MR0765R_SJ_0007_NFF,765R,-0.24,0.12,-0.04
11672,1016663754,FR035_MR1292L_SJ_0015_NFF,1292L,0.45,0.88,0.19
11672,1016663754,FR035_MR1292R_SJ_0015_NFF,1292R,-0.45,-1.27,0.30
11672,1016663754,FR035_MR0254L_RJ_0001_NFF,254L,-0.04,1.55,-0.20
11672,1016663754,FR035_MR0254R_RJ_0001_NFF,254R,-0.48,1.63,-0.33
11672,1016663754,FR035_MR0765L_SJ_0007_NFF,765L,0.05,-0.74,-0.01
11672,1016663754,FR035_MR0765R_SJ_0007_NFF,765R,-1.26,0.49,0.79
11674,1016681545,FR035_MR1292L_SJ_0015_NFF,1292L,0.05,-0.04,-0.47
11674,1016681545,FR035_MR1292R_SJ_0015_NFF,1292R,-0.05,-0.64,-0.19
11674,1016681545,FR035_MR0254L_RJ_0001_NFF,254L,0.46,0.93,-1.12
11674,1016681545,FR035_MR0254R_RJ_0001_NFF,254R,0.60,-1.29,-1.05
11674,1016681545,FR035_MR0765L_SJ_0007_NFF,765L,-0.27,-0.53,0.25
11674,1016681545,FR035_MR0765R_SJ_0007_NFF,765R,-0.28,-2.34,-0.11
11677,1016706974,FR035_MR1292L_SJ_0015_NFF,1292L,0.12,0.82,0.48
11677,1016706974,FR035_MR1292R_SJ_0015_NFF,1292R,-0.12,-1.05,-0.16
11677,1016706974,FR035_MR0254L_RJ_0001_NFF,254L,0.12,2.40,-1.63
11677,1016706974,FR035_MR0254R_RJ_0001_NFF,254R,0.10,-0.41,-1.87
11677,1016706974,FR035_MR0765L_SJ_0007_NFF,765L,-0.13,0.39,-0.85
11677,1016706974,FR035_MR0765R_SJ_0007_NFF,765R,-0.80,0.29,-0.35
11681,1017420011,FR035_MR1292L_SJ_0015_NFF,1292L,0.28,-0.10,0.17
11681,1017420011,FR035_MR1292R_SJ_0015_NFF,1292R,-0.28,0.88,-1.07
11681,1017420011,FR035_MR0254L_RJ_0001_NFF,254L,-0.63,-0.08,-0.97
11681,1017420011,FR035_MR0254R_RJ_0001_NFF,254R,-0.61,-0.68,-0.93
11681,1017420011,FR035_MR0765L_SJ_0007_NFF,765L,-0.62,0.09,-0.61
11681,1017420011,FR035_MR0765R_SJ_0007_NFF,765R,-0.58,-0.03,-0.51
11682,1017513643,FR035_MR1292L_SJ_0015_NFF,1292L,0.16,0.75,-1.60
11682,1017513643,FR035_MR1292R_SJ_0015_NFF,1292R,-0.16,-2.50,0.01
11682,1017513643,FR035_MR0254L_RJ_0001_NFF,254L,0.05,-0.54,-4.68
11682,1017513643,FR035_MR0254R_RJ_0001_NFF,254R,0.41,-0.70,-4.14
11682,1017513643,FR035_MR0765L_SJ_0007_NFF,765L,-0.09,-1.90,-2.56
11682,1017513643,FR035_MR0765R_SJ_0007_NFF,765R,-0.61,-2.47,-2.72
11683,1016758209,FR035_MR1292L_SJ_0015_NFF,1292L,-0.11,1.99,1.07
11683,1016758209,FR035_MR1292R_SJ_0015_NFF,1292R,0.11,0.56,-0.01
11683,1016758209,FR035_MR0254L_RJ_0001_NFF,254L,0.48,3.16,-2.00
11683,1016758209,FR035_MR0254R_RJ_0001_NFF,254R,-0.24,0.02,-2.36
11683,1016758209,FR035_MR0765L_SJ_0007_NFF,765L,-0.44,0.58,-0.31
11683,1016758209,FR035_MR0765R_SJ_0007_NFF,765R,-1.06,0.94,-1.44
11685,1016758215,FR035_MR1292L_SJ_0015_NFF,1292L,0.08,1.35,0.87
11685,1016758215,FR035_MR1292R_SJ_0015_NFF,1292R,-0.08,-1.51,1.06
11685,1016758215,FR035_MR0254L_RJ_0001_NFF,254L,0.42,1.09,-0.72
11685,1016758215,FR035_MR0254R_RJ_0001_NFF,254R,-0.23,-2.82,-0.71
11685,1016758215,FR035_MR0765L_SJ_0007_NFF,765L,0.15,0.57,0.33
11685,1016758215,FR035_MR0765R_SJ_0007_NFF,765R,-0.68,-0.44,0.00
11688,1016768835,FR035_MR1292L_SJ_0015_NFF,1292L,0.35,2.90,0.77
11688,1016768835,FR035_MR1292R_SJ_0015_NFF,1292R,-0.35,-1.14,0.81
11688,1016768835,FR035_MR0254L_RJ_0001_NFF,254L,0.30,1.99,-1.04
11688,1016768835,FR035_MR0254R_RJ_0001_NFF,254R,-0.11,0.99,-1.58
11688,1016768835,FR035_MR0765L_SJ_0007_NFF,765L,-0.13,0.24,-0.11
11688,1016768835,FR035_MR0765R_SJ_0007_NFF,765R,-0.40,0.47,0.11
11691,1016908240,FR035_MR1292L_SJ_0015_NFF,1292L,0.50,-0.37,-0.31
11691,1016908240,FR035_MR1292R_SJ_0015_NFF,1292R,-0.50,-0.59,0.00
11691,1016908240,FR035_MR0254L_RJ_0001_NFF,254L,-0.04,1.11,-1.69
11691,1016908240,FR035_MR0254R_RJ_0001_NFF,254R,-0.86,-0.66,-1.52
11691,1016908240,FR035_MR0765L_SJ_0007_NFF,765L,-0.24,0.83,-1.31
11691,1016908240,FR035_MR0765R_SJ_0007_NFF,765R,-1.79,-0.67,-1.09
11697,1016973215,FR035_MR1292L_SJ_0015_NFF,1292L,0.45,0.65,0.84
11697,1016973215,FR035_MR1292R_SJ_0015_NFF,1292R,-0.45,-1.07,0.02
11697,1016973215,FR035_MR0254L_RJ_0001_NFF,254L,0.26,-0.12,-1.80
11697,1016973215,FR035_MR0254R_RJ_0001_NFF,254R,-0.93,0.95,-2.21
11697,1016973215,FR035_MR0765L_SJ_0007_NFF,765L,-0.17,0.22,0.70
11697,1016973215,FR035_MR0765R_SJ_0007_NFF,765R,-0.81,-1.91,-0.24
11700,1017625963,FR035_MR1292L_SJ_0015_NFF,1292L,0.38,0.29,0.33
11700,1017625963,FR035_MR1292R_SJ_0015_NFF,1292R,-0.38,-0.83,-0.14
11700,1017625963,FR035_MR0254L_RJ_0001_NFF,254L,0.11,0.59,-0.91
11700,1017625963,FR035_MR0254R_RJ_0001_NFF,254R,0.39,-0.82,-1.78
11700,1017625963,FR035_MR0765L_SJ_0007_NFF,765L,0.15,0.40,0.04
11700,1017625963,FR035_MR0765R_SJ_0007_NFF,765R,-1.24,-1.05,0.12
11703,1016810166,FR035_MR1292L_SJ_0015_NFF,1292L,-0.12,0.48,0.71
11703,1016810166,FR035_MR1292R_SJ_0015_NFF,1292R,0.12,-0.10,0.50
11703,1016810166,FR035_MR0254L_RJ_0001_NFF,254L,0.10,-0.58,-1.13
11703,1016810166,FR035_MR0254R_RJ_0001_NFF,254R,-0.09,-2.84,-1.45
11703,1016810166,FR035_MR0765L_SJ_0007_NFF,765L,-0.30,0.99,0.01
11703,1016810166,FR035_MR0765R_SJ_0007_NFF,765R,0.03,-2.01,-0.36
11705,1016843630,FR035_MR1292L_SJ_0015_NFF,1292L,-0.09,1.84,1.99
11705,1016843630,FR035_MR1292R_SJ_0015_NFF,1292R,0.09,-0.53,0.52
11705,1016843630,FR035_MR0254L_RJ_0001_NFF,254L,0.59,0.89,-1.75
11705,1016843630,FR035_MR0254R_RJ_0001_NFF,254R,-0.53,-0.51,-2.20
11705,1016843630,FR035_MR0765L_SJ_0007_NFF,765L,0.20,0.31,0.03
11705,1016843630,FR035_MR0765R_SJ_0007_NFF,765R,-0.09,0.66,-0.88
11707,1016843632,FR035_MR1292L_SJ_0015_NFF,1292L,-0.41,2.05,0.86
11707,1016843632,FR035_MR1292R_SJ_0015_NFF,1292R,0.41,-0.83,-0.58
11707,1016843632,FR035_MR0254L_RJ_0001_NFF,254L,0.42,1.58,-1.10
11707,1016843632,FR035_MR0254R_RJ_0001_NFF,254R,-0.81,0.16,-0.60
11707,1016843632,FR035_MR0765L_SJ_0007_NFF,765L,-0.27,1.31,-0.66
11707,1016843632,FR035_MR0765R_SJ_0007_NFF,765R,0.26,0.36,0.77
11711,1016851470,FR035_MR1292L_SJ_0015_NFF,1292L,-0.14,0.68,0.38
11711,1016851470,FR035_MR1292R_SJ_0015_NFF,1292R,0.14,0.05,-0.06
11711,1016851470,FR035_MR0254L_RJ_0001_NFF,254L,-0.13,0.40,-2.17
11711,1016851470,FR035_MR0254R_RJ_0001_NFF,254R,-0.94,0.25,-2.30
11711,1016851470,FR035_MR0765L_SJ_0007_NFF,765L,-0.49,0.55,-1.33
11711,1016851470,FR035_MR0765R_SJ_0007_NFF,765R,-0.04,-1.30,-0.37
11713,1017543051,FR035_MR1292L_SJ_0015_NFF,1292L,0.26,0.51,-1.38
11713,1017543051,FR035_MR1292R_SJ_0015_NFF,1292R,-0.26,0.33,0.60
11713,1017543051,FR035_MR0254L_RJ_0001_NFF,254L,0.87,0.78,-0.83
11713,1017543051,FR035_MR0254R_RJ_0001_NFF,254R,1.51,-0.01,-0.60
11713,1017543051,FR035_MR0765L_SJ_0007_NFF,765L,0.61,0.03,0.03
11713,1017543051,FR035_MR0765R_SJ_0007_NFF,765R,-0.63,-0.13,0.25
11714,1017390202,FR035_MR1292L_SJ_0015_NFF,1292L,0.23,-0.13,0.43
11714,1017390202,FR035_MR1292R_SJ_0015_NFF,1292R,-0.23,-0.30,0.52
11714,1017390202,FR035_MR0254L_RJ_0001_NFF,254L,0.15,0.66,-1.59
11714,1017390202,FR035_MR0254R_RJ_0001_NFF,254R,-1.44,0.00,-1.59
11714,1017390202,FR035_MR0765L_SJ_0007_NFF,765L,0.10,-0.56,-0.69
11714,1017390202,FR035_MR0765R_SJ_0007_NFF,765R,0.07,-1.71,-0.24
11716,1016880597,FR035_MR1292L_SJ_0015_NFF,1292L,-0.01,2.49,1.43
11716,1016880597,FR035_MR1292R_SJ_0015_NFF,1292R,0.01,-0.60,-0.04
11716,1016880597,FR035_MR0254L_RJ_0001_NFF,254L,1.21,2.12,-1.19
11716,1016880597,FR035_MR0254R_RJ_0001_NFF,254R,1.48,-0.41,-1.18
11716,1016880597,FR035_MR0765L_SJ_0007_NFF,765L,0.31,1.16,0.12
11716,1016880597,FR035_MR0765R_SJ_0007_NFF,765R,-2.02,-0.02,-0.18
11719,1016931031,FR035_MR1292L_SJ_0015_NFF,1292L,-0.52,-0.49,1.12
11719,1016931031,FR035_MR1292R_SJ_0015_NFF,1292R,0.52,-0.03,-0.40
11719,1016931031,FR035_MR0254L_RJ_0001_NFF,254L,-0.19,0.17,0.61
11719,1016931031,FR035_MR0254R_RJ_0001_NFF,254R,-0.33,-0.04,-0.78
11719,1016931031,FR035_MR0765L_SJ_0007_NFF,765L,-0.56,0.10,0.92
11719,1016931031,FR035_MR0765R_SJ_0007_NFF,765R,-0.40,-0.24,-0.60
11721,1017778177,FR035_MR1292L_SJ_0015_NFF,1292L,0.06,-0.22,1.03
11721,1017778177,FR035_MR1292R_SJ_0015_NFF,1292R,-0.06,-1.28,-0.36
11721,1017778177,FR035_MR0254L_RJ_0001_NFF,254L,0.53,0.61,-1.17
11721,1017778177,FR035_MR0254R_RJ_0001_NFF,254R,0.36,-0.65,-1.39
11721,1017778177,FR035_MR0765L_SJ_0007_NFF,765L,-0.23,-1.25,0.48
11721,1017778177,FR035_MR0765R_SJ_0007_NFF,765R,-1.30,-1.11,-0.23
11722,1016810169,FR035_MR1292L_SJ_0015_NFF,1292L,-0.26,-0.22,1.25
11722,1016810169,FR035_MR1292R_SJ_0015_NFF,1292R,0.26,-0.75,0.75
11722,1016810169,FR035_MR0254L_RJ_0001_NFF,254L,0.26,1.36,-1.04
11722,1016810169,FR035_MR0254R_RJ_0001_NFF,254R,0.00,-2.46,-1.95
11722,1016810169,FR035_MR0765L_SJ_0007_NFF,765L,0.67,0.38,0.46
11722,1016810169,FR035_MR0765R_SJ_0007_NFF,765R,0.45,-0.02,0.13
11728,1016973219,FR035_MR1292L_SJ_0015_NFF,1292L,0.49,0.39,1.04
11728,1016973219,FR035_MR1292R_SJ_0015_NFF,1292R,-0.49,-1.14,0.45
11728,1016973219,FR035_MR0254L_RJ_0001_NFF,254L,0.26,0.74,-1.59
11728,1016973219,FR035_MR0254R_RJ_0001_NFF,254R,-0.88,1.21,-1.29
11728,1016973219,FR035_MR0765L_SJ_0007_NFF,765L,-0.01,1.20,-0.32
11728,1016973219,FR035_MR0765R_SJ_0007_NFF,765R,-0.88,0.45,-0.17
11733,1017329282,FR035_MR1292L_SJ_0015_NFF,1292L,0.27,0.04,0.55
11733,1017329282,FR035_MR1292R_SJ_0015_NFF,1292R,-0.27,-1.07,-0.28
11733,1017329282,FR035_MR0254L_RJ_0001_NFF,254L,0.01,-0.49,-1.56
11733,1017329282,FR035_MR0254R_RJ_0001_NFF,254R,-0.85,-1.83,-1.41
11733,1017329282,FR035_MR0765L_SJ_0007_NFF,765L,-0.37,-1.58,0.44
11733,1017329282,FR035_MR0765R_SJ_0007_NFF,765R,-0.41,-0.40,-1.11
11735,1017371322,FR035_MR1292L_SJ_0015_NFF,1292L,-0.40,-1.17,0.42
11735,1017371322,FR035_MR1292R_SJ_0015_NFF,1292R,0.40,-0.95,0.38
11735,1017371322,FR035_MR0254L_RJ_0001_NFF,254L,-0.11,-0.48,-1.26
11735,1017371322,FR035_MR0254R_RJ_0001_NFF,254R,0.27,0.28,-1.18
11735,1017371322,FR035_MR0765L_SJ_0007_NFF,765L,-0.61,-0.13,-0.88
11735,1017371322,FR035_MR0765R_SJ_0007_NFF,765R,0.17,-0.81,-0.30
11736,1016985149,FR035_MR1292L_SJ_0015_NFF,1292L,-0.10,1.30,-0.38
11736,1016985149,FR035_MR1292R_SJ_0015_NFF,1292R,0.10,-0.10,0.51
11736,1016985149,FR035_MR0254L_RJ_0001_NFF,254L,0.66,2.60,-2.06
11736,1016985149,FR035_MR0254R_RJ_0001_NFF,254R,-0.39,0.17,-2.31
11736,1016985149,FR035_MR0765L_SJ_0007_NFF,765L,-0.08,0.62,-0.61
11736,1016985149,FR035_MR0765R_SJ_0007_NFF,765R,-0.18,0.85,-0.35
11739,1017579426,FR035_MR1292L_SJ_0015_NFF,1292L,-0.01,-0.50,0.46
11739,1017579426,FR035_MR1292R_SJ_0015_NFF,1292R,0.01,-1.25,-0.08
11739,1017579426,FR035_MR0254L_RJ_0001_NFF,254L,-0.13,0.59,-1.12
11739,1017579426,FR035_MR0254R_RJ_0001_NFF,254R,0.00,-2.58,-0.85
11739,1017579426,FR035_MR0765L_SJ_0007_NFF,765L,-0.11,0.52,0.22
11739,1017579426,FR035_MR0765R_SJ_0007_NFF,765R,-0.81,-2.50,0.29
11740,1017732425,FR035_MR1292L_SJ_0015_NFF,1292L,0.04,0.13,0.41
11740,1017732425,FR035_MR1292R_SJ_0015_NFF,1292R,-0.04,-0.32,-0.22
11740,1017732425,FR035_MR0254L_RJ_0001_NFF,254L,0.22,0.69,-0.79
11740,1017732425,FR035_MR0254R_RJ_0001_NFF,254R,0.51,-0.87,-1.75
11740,1017732425,FR035_MR0765L_SJ_0007_NFF,765L,-0.12,0.97,-0.86
11740,1017732425,FR035_MR0765R_SJ_0007_NFF,765R,0.01,0.93,0.30
11741,1017011301,FR035_MR1292L_SJ_0015_NFF,1292L,-0.04,1.67,0.53
11741,1017011301,FR035_MR1292R_SJ_0015_NFF,1292R,0.04,-0.10,-0.38
11741,1017011301,FR035_MR0254L_RJ_0001_NFF,254L,0.00,1.55,-0.41
11741,1017011301,FR035_MR0254R_RJ_0001_NFF,254R,0.59,-0.39,-0.30
11741,1017011301,FR035_MR0765L_SJ_0007_NFF,765L,-0.08,-0.15,0.02
11741,1017011301,FR035_MR0765R_SJ_0007_NFF,765R,-0.58,-0.02,0.34
11743,1017047901,FR035_MR1292L_SJ_0015_NFF,1292L,0.54,0.00,-1.03
11743,1017047901,FR035_MR1292R_SJ_0015_NFF,1292R,-0.54,-0.05,-0.29
11743,1017047901,FR035_MR0254L_RJ_0001_NFF,254L,0.03,-0.25,-1.36
11743,1017047901,FR035_MR0254R_RJ_0001_NFF,254R,0.17,-2.19,-1.93
11743,1017047901,FR035_MR0765L_SJ_0007_NFF,765L,0.08,-0.23,-0.50
11743,1017047901,FR035_MR0765R_SJ_0007_NFF,765R,-0.83,-0.63,-0.62
11746,1017047906,FR035_MR1292L_SJ_0015_NFF,1292L,-0.40,0.57,0.99
11746,1017047906,FR035_MR1292R_SJ_0015_NFF,1292R,0.40,-1.02,-0.46
11746,1017047906,FR035_MR0254L_RJ_0001_NFF,254L,0.51,2.94,-1.89
11746,1017047906,FR035_MR0254R_RJ_0001_NFF,254R,0.27,0.65,-1.42
11746,1017047906,FR035_MR0765L_SJ_0007_NFF,765L,0.03,-0.07,-0.12
11746,1017047906,FR035_MR0765R_SJ_0007_NFF,765R,0.02,0.55,-0.82
11750,1017078508,FR035_MR1292L_SJ_0015_NFF,1292L,0.07,1.11,-0.32
11750,1017078508,FR035_MR1292R_SJ_0015_NFF,1292R,-0.07,0.16,1.11
11750,1017078508,FR035_MR0254L_RJ_0001_NFF,254L,-0.53,1.59,-1.36
11750,1017078508,FR035_MR0254R_RJ_0001_NFF,254R,0.40,0.89,-1.90
11750,1017078508,FR035_MR0765L_SJ_0007_NFF,765L,0.36,1.93,0.37
11750,1017078508,FR035_MR0765R_SJ_0007_NFF,765R,-1.24,0.02,-0.86
11754,1017124785,FR035_MR1292L_SJ_0015_NFF,1292L,0.56,0.45,0.77
11754,1017124785,FR035_MR1292R_SJ_0015_NFF,1292R,-0.56,-0.53,-0.08
11754,1017124785,FR035_MR0254L_RJ_0001_NFF,254L,0.88,1.39,-2.05
11754,1017124785,FR035_MR0254R_RJ_0001_NFF,254R,-0.16,-0.69,-2.29
11754,1017124785,FR035_MR0765L_SJ_0007_NFF,765L,0.82,0.68,-0.31
11754,1017124785,FR035_MR0765R_SJ_0007_NFF,765R,-1.13,0.57,0.83
11759,1017105521,FR035_MR1292L_SJ_0015_NFF,1292L,-0.12,1.19,0.54
11759,1017105521,FR035_MR1292R_SJ_0015_NFF,1292R,0.12,-0.10,0.54
11759,1017105521,FR035_MR0254L_RJ_0001_NFF,254L,-0.25,1.79,-2.13
11759,1017105521,FR035_MR0254R_RJ_0001_NFF,254R,0.73,0.55,-2.17
11759,1017105521,FR035_MR0765L_SJ_0007_NFF,765L,-0.31,1.33,-0.78
11759,1017105521,FR035_MR0765R_SJ_0007_NFF,765R,-0.26,0.49,-0.83
11761,1017091346,FR035_MR1292L_SJ_0015_NFF,1292L,0.19,0.76,0.51
11761,1017091346,FR035_MR1292R_SJ_0015_NFF,1292R,-0.19,-0.53,0.07
11761,1017091346,FR035_MR0254L_RJ_0001_NFF,254L,0.61,0.93,-0.95
11761,1017091346,FR035_MR0254R_RJ_0001_NFF,254R,0.21,-1.73,-1.32
11761,1017091346,FR035_MR0765L_SJ_0007_NFF,765L,0.37,-0.40,0.14
11761,1017091346,FR035_MR0765R_SJ_0007_NFF,765R,-0.69,0.08,-0.05
11764,1017116505,FR035_MR1292L_SJ_0015_NFF,1292L,0.17,0.05,0.70
11764,1017116505,FR035_MR1292R_SJ_0015_NFF,1292R,-0.17,-0.69,0.23
11764,1017116505,FR035_MR0254L_RJ_0001_NFF,254L,0.24,-0.19,-1.50
11764,1017116505,FR035_MR0254R_RJ_0001_NFF,254R,-1.43,-0.71,-2.01
11764,1017116505,FR035_MR0765L_SJ_0007_NFF,765L,0.06,-0.45,-0.98
11764,1017116505,FR035_MR0765R_SJ_0007_NFF,765R,-0.24,-1.05,-1.23
11767,1017166422,FR035_MR1292L_SJ_0015_NFF,1292L,-0.05,-0.61,0.06
11767,1017166422,FR035_MR1292R_SJ_0015_NFF,1292R,0.05,0.13,-0.09
11767,1017166422,FR035_MR0254L_RJ_0001_NFF,254L,0.70,0.62,-1.99
11767,1017166422,FR035_MR0254R_RJ_0001_NFF,254R,0.11,-2.56,-2.80
11767,1017166422,FR035_MR0765L_SJ_0007_NFF,765L,0.08,-0.26,0.37
11767,1017166422,FR035_MR0765R_SJ_0007_NFF,765R,-0.44,-0.42,-1.07
11769,1017761431,FR035_MR1292L_SJ_0015_NFF,1292L,-0.49,-0.88,-0.42
11769,1017761431,FR035_MR1292R_SJ_0015_NFF,1292R,0.49,-0.71,1.61
11769,1017761431,FR035_MR0254L_RJ_0001_NFF,254L,0.64,0.54,-2.27
11769,1017761431,FR035_MR0254R_RJ_0001_NFF,254R,0.50,-0.70,-2.15
11769,1017761431,FR035_MR0765L_SJ_0007_NFF,765L,-0.20,-2.73,-1.55
11769,1017761431,FR035_MR0765R_SJ_0007_NFF,765R,0.19,-0.71,-0.07
11770,1017530686,FR035_MR1292L_SJ_0015_NFF,1292L,0.14,0.82,0.94
11770,1017530686,FR035_MR1292R_SJ_0015_NFF,1292R,-0.14,-0.67,1.09
11770,1017530686,FR035_MR0254L_RJ_0001_NFF,254L,0.78,0.68,0.10
11770,1017530686,FR035_MR0254R_RJ_0001_NFF,254R,0.47,-0.14,-0.79
11770,1017530686,FR035_MR0765L_SJ_0007_NFF,765L,0.32,0.36,0.82
11770,1017530686,FR035_MR0765R_SJ_0007_NFF,765R,-0.30,0.39,0.11
11774,1017257002,FR035_MR1292L_SJ_0015_NFF,1292L,0.07,-0.08,-0.45
11774,1017257002,FR035_MR1292R_SJ_0015_NFF,1292R,-0.07,-0.46,0.72
11774,1017257002,FR035_MR0254L_RJ_0001_NFF,254L,0.51,0.14,-1.61
11774,1017257002,FR035_MR0254R_RJ_0001_NFF,254R,-0.68,-0.76,-1.13
11774,1017257002,FR035_MR0765L_SJ_0007_NFF,765L,-0.05,-0.25,-0.22
11774,1017257002,FR035_MR0765R_SJ_0007_NFF,765R,-0.11,-0.70,-0.19
11779,1017211504,FR035_MR1292L_SJ_0015_NFF,1292L,0.15,1.22,-0.07
11779,1017211504,FR035_MR1292R_SJ_0015_NFF,1292R,-0.15,-0.64,0.49
11779,1017211504,FR035_MR0254L_RJ_0001_NFF,254L,0.63,1.23,0.14
11779,1017211504,FR035_MR0254R_RJ_0001_NFF,254R,-0.04,-2.40,-0.89
11779,1017211504,FR035_MR0765L_SJ_0007_NFF,765L,0.21,-0.01,0.28
11779,1017211504,FR035_MR0765R_SJ_0007_NFF,765R,-0.63,-1.23,-0.79
11780,1017221263,FR035_MR1292L_SJ_0015_NFF,1292L,-0.44,-0.25,0.22
11780,1017221263,FR035_MR1292R_SJ_0015_NFF,1292R,0.44,-0.80,-0.51
11780,1017221263,FR035_MR0254L_RJ_0001_NFF,254L,-0.65,1.46,-1.58
11780,1017221263,FR035_MR0254R_RJ_0001_NFF,254R,-0.65,0.17,-2.05
11780,1017221263,FR035_MR0765L_SJ_0007_NFF,765L,-0.32,1.01,-0.75
11780,1017221263,FR035_MR0765R_SJ_0007_NFF,765R,-0.35,1.45,-0.25
11783,1017818516,FR035_MR1292L_SJ_0015_NFF,1292L,0.00,0.78,0.87
11783,1017818516,FR035_MR1292R_SJ_0015_NFF,1292R,0.00,-0.86,-0.36
11783,1017818516,FR035_MR0254L_RJ_0001_NFF,254L,-1.98,1.16,-2.12
11783,1017818516,FR035_MR0254R_RJ_0001_NFF,254R,-1.27,-0.67,-2.20
11783,1017818516,FR035_MR0765L_SJ_0007_NFF,765L,-2.21,0.08,0.88
11783,1017818516,FR035_MR0765R_SJ_0007_NFF,765R,-1.01,-0.09,0.28
11786,1017460826,FR035_MR1292L_SJ_0015_NFF,1292L,-0.32,-0.08,0.84
11786,1017460826,FR035_MR1292R_SJ_0015_NFF,1292R,0.32,-0.38,0.10
11786,1017460826,FR035_MR0254L_RJ_0001_NFF,254L,0.54,0.32,-1.54
11786,1017460826,FR035_MR0254R_RJ_0001_NFF,254R,0.59,-1.22,-2.79
11786,1017460826,FR035_MR0765L_SJ_0007_NFF,765L,0.00,-0.08,0.52
11786,1017460826,FR035_MR0765R_SJ_0007_NFF,765R,-0.02,-1.20,-0.25
11790,1017239197,FR035_MR1292L_SJ_0015_NFF,1292L,0.10,0.59,1.20
11790,1017239197,FR035_MR1292R_SJ_0015_NFF,1292R,-0.10,-1.06,0.01
11790,1017239197,FR035_MR0254L_RJ_0001_NFF,254L,-0.15,0.21,-0.32
11790,1017239197,FR035_MR0254R_RJ_0001_NFF,254R,-1.06,0.61,-0.86
11790,1017239197,FR035_MR0765L_SJ_0007_NFF,765L,-0.42,0.87,-0.02
11790,1017239197,FR035_MR0765R_SJ_0007_NFF,765R,-0.03,0.02,0.06
11793,1017247233,FR035_MR1292L_SJ_0015_NFF,1292L,-0.04,-0.34,1.34
11793,1017247233,FR035_MR1292R_SJ_0015_NFF,1292R,0.04,-2.02,-0.39
11793,1017247233,FR035_MR0254L_RJ_0001_NFF,254L,0.61,0.63,-1.28
11793,1017247233,FR035_MR0254R_RJ_0001_NFF,254R,-0.17,0.30,-1.86
11793,1017247233,FR035_MR0765L_SJ_0007_NFF,765L,-0.12,-1.96,0.46
11793,1017247233,FR035_MR0765R_SJ_0007_NFF,765R,-0.29,0.67,-0.60
11796,1017403815,FR035_MR1292L_SJ_0015_NFF,1292L,-0.24,-0.06,0.80
11796,1017403815,FR035_MR1292R_SJ_0015_NFF,1292R,0.24,-1.16,1.39
11796,1017403815,FR035_MR0254L_RJ_0001_NFF,254L,-0.40,0.48,-4.26
11796,1017403815,FR035_MR0254R_RJ_0001_NFF,254R,-2.24,0.08,-3.45
11796,1017403815,FR035_MR0765L_SJ_0007_NFF,765L,-1.06,-0.40,-3.25
11796,1017403815,FR035_MR0765R_SJ_0007_NFF,765R,-0.91,-0.99,-1.00
11801,1017273647,FR035_MR1292L_SJ_0015_NFF,1292L,0.66,0.13,1.03
11801,1017273647,FR035_MR1292R_SJ_0015_NFF,1292R,-0.66,-0.63,0.33
11801,1017273647,FR035_MR0254L_RJ_0001_NFF,254L,0.35,-1.39,-0.99
11801,1017273647,FR035_MR0254R_RJ_0001_NFF,254R,-1.01,-0.32,-1.07
11801,1017273647,FR035_MR0765L_SJ_0007_NFF,765L,0.15,-1.54,-0.14
11801,1017273647,FR035_MR0765R_SJ_0007_NFF,765R,-0.76,-0.46,-0.36
11803,1017309569,FR035_MR1292L_SJ_0015_NFF,1292L,-0.04,0.35,0.30
11803,1017309569,FR035_MR1292R_SJ_0015_NFF,1292R,0.04,-1.23,-0.12
11803,1017309569,FR035_MR0254L_RJ_0001_NFF,254L,0.25,0.67,-1.77
11803,1017309569,FR035_MR0254R_RJ_0001_NFF,254R,-0.02,-1.91,-1.60
11803,1017309569,FR035_MR0765L_SJ_0007_NFF,765L,0.02,-1.72,0.21
11803,1017309569,FR035_MR0765R_SJ_0007_NFF,765R,-0.35,-1.18,-0.99
11804,1017898570,FR035_MR1292L_SJ_0015_NFF,1292L,-0.20,0.50,0.76
11804,1017898570,FR035_MR1292R_SJ_0015_NFF,1292R,0.20,0.34,0.15
11804,1017898570,FR035_MR0254L_RJ_0001_NFF,254L,0.70,-0.12,-1.38
11804,1017898570,FR035_MR0254R_RJ_0001_NFF,254R,0.40,-0.75,-1.28
11804,1017898570,FR035_MR0765L_SJ_0007_NFF,765L,0.07,-0.73,-1.42
11804,1017898570,FR035_MR0765R_SJ_0007_NFF,765R,0.36,-0.76,0.24
11808,1017319259,FR035_MR1292L_SJ_0015_NFF,1292L,-0.37,0.97,1.02
11808,1017319259,FR035_MR1292R_SJ_0015_NFF,1292R,0.37,-1.06,0.00
11808,1017319259,FR035_MR0254L_RJ_0001_NFF,254L,0.88,0.08,-3.09
11808,1017319259,FR035_MR0254R_RJ_0001_NFF,254R,0.37,-0.65,-4.17
11808,1017319259,FR035_MR0765L_SJ_0007_NFF,765L,0.23,0.41,-0.88
11808,1017319259,FR035_MR0765R_SJ_0007_NFF,765R,-0.22,-0.77,-1.39
11811,1017402458,FR035_MR1292L_SJ_0015_NFF,1292L,0.35,0.21,1.37
11811,1017402458,FR035_MR1292R_SJ_0015_NFF,1292R,-0.35,-0.99,0.05
11811,1017402458,FR035_MR0254L_RJ_0001_NFF,254L,1.02,0.57,-0.53
11811,1017402458,FR035_MR0254R_RJ_0001_NFF,254R,1.99,-1.51,-1.68
11811,1017402458,FR035_MR0765L_SJ_0007_NFF,765L,0.40,-0.58,1.72
11811,1017402458,FR035_MR0765R_SJ_0007_NFF,765R,-0.54,-0.86,-0.57
11813,1017182336,FR035_MR1292L_SJ_0015_NFF,1292L,0.17,0.78,1.00
11813,1017182336,FR035_MR1292R_SJ_0015_NFF,1292R,-0.17,-1.28,0.21
11813,1017182336,FR035_MR0254L_RJ_0001_NFF,254L,0.45,-0.10,-0.89
11813,1017182336,FR035_MR0254R_RJ_0001_NFF,254R,0.88,-0.52,-1.04
11813,1017182336,FR035_MR0765L_SJ_0007_NFF,765L,0.18,-0.16,0.53
11813,1017182336,FR035_MR0765R_SJ_0007_NFF,765R,-0.40,-2.32,0.16
11817,1017444995,FR035_MR1292L_SJ_0015_NFF,1292L,0.55,0.30,1.03
11817,1017444995,FR035_MR1292R_SJ_0015_NFF,1292R,-0.55,-0.11,-0.07
11817,1017444995,FR035_MR0254L_RJ_0001_NFF,254L,0.32,-0.37,-1.21
11817,1017444995,FR035_MR0254R_RJ_0001_NFF,254R,0.90,-1.39,-1.07
11817,1017444995,FR035_MR0765L_SJ_0007_NFF,765L,0.58,0.67,-0.50
11817,1017444995,FR035_MR0765R_SJ_0007_NFF,765R,-0.53,-1.53,0.76
11821,1017476045,FR035_MR1292L_SJ_0015_NFF,1292L,0.45,0.33,1.24
11821,1017476045,FR035_MR1292R_SJ_0015_NFF,1292R,-0.45,-0.35,-0.13
11821,1017476045,FR035_MR0254L_RJ_0001_NFF,254L,0.03,1.78,-2.15
11821,1017476045,FR035_MR0254R_RJ_0001_NFF,254R,0.16,0.44,-1.84
11821,1017476045,FR035_MR0765L_SJ_0007_NFF,765L,-0.16,2.81,-0.98
11821,1017476045,FR035_MR0765R_SJ_0007_NFF,765R,-0.56,-0.54,-0.79
11823,1017487882,FR035_MR1292L_SJ_0015_NFF,1292L,0.03,1.18,0.51
11823,1017487882,FR035_MR1292R_SJ_0015_NFF,1292R,-0.03,-1.00,0.40
11823,1017487882,FR035_MR0254L_RJ_0001_NFF,254L,0.44,0.64,-1.96
11823,1017487882,FR035_MR0254R_RJ_0001_NFF,254R,0.97,-1.22,-1.84
11823,1017487882,FR035_MR0765L_SJ_0007_NFF,765L,-0.18,-1.38,-0.26
11823,1017487882,FR035_MR0765R_SJ_0007_NFF,765R,-0.27,-0.66,-0.33
11826,1017498334,FR035_MR1292L_SJ_0015_NFF,1292L,-0.02,-0.19,0.72
11826,1017498334,FR035_MR1292R_SJ_0015_NFF,1292R,0.02,-0.31,0.59
11826,1017498334,FR035_MR0254L_RJ_0001_NFF,254L,0.94,0.07,-2.38
11826,1017498334,FR035_MR0254R_RJ_0001_NFF,254R,-0.10,-0.86,-1.87
11826,1017498334,FR035_MR0765L_SJ_0007_NFF,765L,0.51,-0.03,-0.50
11826,1017498334,FR035_MR0765R_SJ_0007_NFF,765R,-0.08,-1.13,0.27
11830,1017533050,FR035_MR1292L_SJ_0015_NFF,1292L,-0.67,-0.75,1.03
11830,1017533050,FR035_MR1292R_SJ_0015_NFF,1292R,0.67,0.97,1.20
11830,1017533050,FR035_MR0254L_RJ_0001_NFF,254L,0.00,-0.84,-1.17
11830,1017533050,FR035_MR0254R_RJ_0001_NFF,254R,1.11,-2.00,-1.17
11830,1017533050,FR035_MR0765L_SJ_0007_NFF,765L,-0.60,0.75,-0.44
11830,1017533050,FR035_MR0765R_SJ_0007_NFF,765R,0.36,-1.37,0.26
11832,1017623769,FR035_MR1292L_SJ_0015_NFF,1292L,-0.23,1.45,0.58
11832,1017623769,FR035_MR1292R_SJ_0015_NFF,1292R,0.23,0.41,-0.56
11832,1017623769,FR035_MR0254L_RJ_0001_NFF,254L,0.37,0.99,-1.99
11832,1017623769,FR035_MR0254R_RJ_0001_NFF,254R,0.88,-0.50,-2.47
11832,1017623769,FR035_MR0765L_SJ_0007_NFF,765L,0.41,-0.82,-1.10
11832,1017623769,FR035_MR0765R_SJ_0007_NFF,765R,-0.37,-1.27,0.24
11835,1017997669,FR035_MR1292L_SJ_0015_NFF,1292L,-0.01,0.22,0.75
11835,1017997669,FR035_MR1292R_SJ_0015_NFF,1292R,0.01,-0.08,0.63
11835,1017997669,FR035_MR0254L_RJ_0001_NFF,254L,0.53,0.22,-2.04
11835,1017997669,FR035_MR0254R_RJ_0001_NFF,254R,0.39,-0.07,-1.58
11835,1017997669,FR035_MR0765L_SJ_0007_NFF,765L,0.53,0.22,0.36
11835,1017997669,FR035_MR0765R_SJ_0007_NFF,765R,-0.38,-1.74,-0.20
11840,1017717130,FR035_MR1292L_SJ_0015_NFF,1292L,0.18,0.49,1.68
11840,1017717130,FR035_MR1292R_SJ_0015_NFF,1292R,-0.18,-0.49,0.91
11840,1017717130,FR035_MR0254L_RJ_0001_NFF,254L,0.31,1.19,-1.01
11840,1017717130,FR035_MR0254R_RJ_0001_NFF,254R,0.17,0.05,-0.72
11840,1017717130,FR035_MR0765L_SJ_0007_NFF,765L,-0.24,-1.08,0.16
11840,1017717130,FR035_MR0765R_SJ_0007_NFF,765R,-0.11,0.75,1.40
11842,1017554604,FR035_MR1292L_SJ_0015_NFF,1292L,-0.19,0.81,-0.08
11842,1017554604,FR035_MR1292R_SJ_0015_NFF,1292R,0.39,0.56,1.42
11842,1017554604,FR035_MR0254L_RJ_0001_NFF,254L,-0.79,-0.29,-0.05
11842,1017554604,FR035_MR0254R_RJ_0001_NFF,254R,-0.45,0.32,0.46
11842,1017554604,FR035_MR0765L_SJ_0007_NFF,765L,-1.43,-1.41,-0.22
11842,1017554604,FR035_MR0765R_SJ_0007_NFF,765R,0.22,-1.74,1.11
11844,1017556032,FR035_MR1292L_SJ_0015_NFF,1292L,-0.22,0.11,1.05
11844,1017556032,FR035_MR1292R_SJ_0015_NFF,1292R,0.22,-0.83,0.26
11844,1017556032,FR035_MR0254L_RJ_0001_NFF,254L,0.71,-0.10,-0.61
11844,1017556032,FR035_MR0254R_RJ_0001_NFF,254R,0.55,0.04,-0.45
11844,1017556032,FR035_MR0765L_SJ_0007_NFF,765L,0.27,-1.41,-0.19
11844,1017556032,FR035_MR0765R_SJ_0007_NFF,765R,0.21,-1.42,0.25
11847,1017581408,FR035_MR1292L_SJ_0015_NFF,1292L,-0.18,0.18,0.66
11847,1017581408,FR035_MR1292R_SJ_0015_NFF,1292R,0.18,-1.71,-0.24
11847,1017581408,FR035_MR0254L_RJ_0001_NFF,254L,0.09,-0.32,-0.87
11847,1017581408,FR035_MR0254R_RJ_0001_NFF,254R,-0.15,-1.38,-1.26
11847,1017581408,FR035_MR0765L_SJ_0007_NFF,765L,-0.01,-0.22,-0.61
11847,1017581408,FR035_MR0765R_SJ_0007_NFF,765R,-0.45,-1.12,0.35
11849,1017594938,FR035_MR1292L_SJ_0015_NFF,1292L,-0.53,0.14,2.01
11849,1017594938,FR035_MR1292R_SJ_0015_NFF,1292R,0.83,1.31,0.52
11849,1017594938,FR035_MR0254L_RJ_0001_NFF,254L,0.49,0.42,-1.63
11849,1017594938,FR035_MR0254R_RJ_0001_NFF,254R,0.83,-0.45,-1.33
11849,1017594938,FR035_MR0765L_SJ_0007_NFF,765L,-0.08,-1.00,0.48
11849,1017594938,FR035_MR0765R_SJ_0007_NFF,765R,0.25,0.01,-0.13
11854,1017636894,FR035_MR1292L_SJ_0015_NFF,1292L,0.27,0.11,1.14
11854,1017636894,FR035_MR1292R_SJ_0015_NFF,1292R,-0.27,-0.15,0.05
11854,1017636894,FR035_MR0254L_RJ_0001_NFF,254L,1.23,1.21,-1.89
11854,1017636894,FR035_MR0254R_RJ_0001_NFF,254R,-0.49,-0.05,-2.32
11854,1017636894,FR035_MR0765L_SJ_0007_NFF,765L,0.84,0.26,-0.43
11854,1017636894,FR035_MR0765R_SJ_0007_NFF,765R,-0.73,-0.94,0.31
11855,1017687985,FR035_MR1292L_SJ_0015_NFF,1292L,0.49,0.26,1.29
11855,1017687985,FR035_MR1292R_SJ_0015_NFF,1292R,-0.49,-0.82,1.25
11855,1017687985,FR035_MR0254L_RJ_0001_NFF,254L,1.19,0.79,-1.67
11855,1017687985,FR035_MR0254R_RJ_0001_NFF,254R,-0.06,0.38,-1.89
11855,1017687985,FR035_MR0765L_SJ_0007_NFF,765L,0.28,0.98,0.06
11855,1017687985,FR035_MR0765R_SJ_0007_NFF,765R,0.04,0.51,-0.31
11862,1018026983,FR035_MR1292L_SJ_0015_NFF,1292L,-0.33,0.59,0.96
11862,1018026983,FR035_MR1292R_SJ_0015_NFF,1292R,0.33,-0.98,-0.41
11862,1018026983,FR035_MR0254L_RJ_0001_NFF,254L,0.40,1.42,-3.51
11862,1018026983,FR035_MR0254R_RJ_0001_NFF,254R,0.35,-0.22,-4.29
11862,1018026983,FR035_MR0765L_SJ_0007_NFF,765L,-0.31,0.51,-1.44
11862,1018026983,FR035_MR0765R_SJ_0007_NFF,765R,-0.19,-0.86,-1.24
11870,1017687992,FR035_MR1292L_SJ_0015_NFF,1292L,-0.20,0.25,0.48
11870,1017687992,FR035_MR1292R_SJ_0015_NFF,1292R,0.20,0.11,0.39
11870,1017687992,FR035_MR0254L_RJ_0001_NFF,254L,0.63,1.34,-2.04
11870,1017687992,FR035_MR0254R_RJ_0001_NFF,254R,0.37,-0.53,-1.14
11870,1017687992,FR035_MR0765L_SJ_0007_NFF,765L,0.08,0.22,-0.40
11870,1017687992,FR035_MR0765R_SJ_0007_NFF,765R,0.11,-1.77,0.95
11871,1017947076,FR035_MR1292L_SJ_0015_NFF,1292L,-0.31,0.24,0.78
11871,1017947076,FR035_MR1292R_SJ_0015_NFF,1292R,0.31,-0.43,0.02
11871,1017947076,FR035_MR0254L_RJ_0001_NFF,254L,0.28,0.45,-1.84
11871,1017947076,FR035_MR0254R_RJ_0001_NFF,254R,0.73,-0.36,-1.85
11871,1017947076,FR035_MR0765L_SJ_0007_NFF,765L,-0.48,0.75,-0.22
11871,1017947076,FR035_MR0765R_SJ_0007_NFF,765R,0.08,-1.15,-0.31
11876,1017479932,FR035_MR1292L_SJ_0015_NFF,1292L,-0.77,0.26,1.00
11876,1017479932,FR035_MR1292R_SJ_0015_NFF,1292R,0.77,-0.26,0.08
11876,1017479932,FR035_MR0254L_RJ_0001_NFF,254L,0.56,-1.44,-2.06
11876,1017479932,FR035_MR0254R_RJ_0001_NFF,254R,0.41,-1.17,-1.05
11876,1017479932,FR035_MR0765L_SJ_0007_NFF,765L,-0.70,-0.54,-0.09
11876,1017479932,FR035_MR0765R_SJ_0007_NFF,765R,0.42,-0.71,-0.31
11878,1017877794,FR035_MR1292L_SJ_0015_NFF,1292L,-0.32,1.42,0.78
11878,1017877794,FR035_MR1292R_SJ_0015_NFF,1292R,0.32,-2.03,0.20
11878,1017877794,FR035_MR0254L_RJ_0001_NFF,254L,0.53,0.83,-1.44
11878,1017877794,FR035_MR0254R_RJ_0001_NFF,254R,0.59,-0.06,-1.77
11878,1017877794,FR035_MR0765L_SJ_0007_NFF,765L,-0.41,-0.80,0.05
11878,1017877794,FR035_MR0765R_SJ_0007_NFF,765R,-0.78,0.26,-0.34
11885,1017805286,FR035_MR1292L_SJ_0015_NFF,1292L,-0.39,-0.46,1.06
11885,1017805286,FR035_MR1292R_SJ_0015_NFF,1292R,0.39,-0.47,0.27
11885,1017805286,FR035_MR0254L_RJ_0001_NFF,254L,0.61,-0.23,-0.75
11885,1017805286,FR035_MR0254R_RJ_0001_NFF,254R,0.31,0.38,-1.29
11885,1017805286,FR035_MR0765L_SJ_0007_NFF,765L,-0.11,-2.07,0.61
11885,1017805286,FR035_MR0765R_SJ_0007_NFF,765R,0.19,-0.85,-0.77
11889,1017818520,FR035_MR1292L_SJ_0015_NFF,1292L,0.42,0.67,-0.68
11889,1017818520,FR035_MR1292R_SJ_0015_NFF,1292R,-0.42,-1.49,0.74
11889,1017818520,FR035_MR0254L_RJ_0001_NFF,254L,1.24,0.83,-2.63
11889,1017818520,FR035_MR0254R_RJ_0001_NFF,254R,0.73,0.25,-1.95
11889,1017818520,FR035_MR0765L_SJ_0007_NFF,765L,0.80,-1.97,-1.73
11889,1017818520,FR035_MR0765R_SJ_0007_NFF,765R,0.14,-1.30,-1.45
11893,1017834498,FR035_MR1292L_SJ_0015_NFF,1292L,0.48,0.47,0.47
11893,1017834498,FR035_MR1292R_SJ_0015_NFF,1292R,-0.48,0.18,0.34
11893,1017834498,FR035_MR0254L_RJ_0001_NFF,254L,0.73,1.25,-2.30
11893,1017834498,FR035_MR0254R_RJ_0001_NFF,254R,0.07,0.00,-2.52
11893,1017834498,FR035_MR0765L_SJ_0007_NFF,765L,0.86,0.25,-0.13
11893,1017834498,FR035_MR0765R_SJ_0007_NFF,765R,-1.03,-1.37,-0.76
11896,1017845040,FR035_MR1292L_SJ_0015_NFF,1292L,-0.55,0.44,1.21
11896,1017845040,FR035_MR1292R_SJ_0015_NFF,1292R,0.55,0.20,-0.14
11896,1017845040,FR035_MR0254L_RJ_0001_NFF,254L,0.82,0.45,-0.82
11896,1017845040,FR035_MR0254R_RJ_0001_NFF,254R,0.96,-1.29,-1.55
11896,1017845040,FR035_MR0765L_SJ_0007_NFF,765L,-0.08,-0.81,0.07
11896,1017845040,FR035_MR0765R_SJ_0007_NFF,765R,-0.04,-1.64,0.00
11904,1017866337,FR035_MR1292L_SJ_0015_NFF,1292L,-0.17,0.52,0.99
11904,1017866337,FR035_MR1292R_SJ_0015_NFF,1292R,0.17,0.01,-0.08
11904,1017866337,FR035_MR0254L_RJ_0001_NFF,254L,0.90,1.17,-1.04
11904,1017866337,FR035_MR0254R_RJ_0001_NFF,254R,0.57,0.11,-1.09
11904,1017866337,FR035_MR0765L_SJ_0007_NFF,765L,0.10,0.84,0.16
11904,1017866337,FR035_MR0765R_SJ_0007_NFF,765R,0.12,-0.53,-0.12
11907,1017761444,FR035_MR1292L_SJ_0015_NFF,1292L,-0.12,0.07,0.26
11907,1017761444,FR035_MR1292R_SJ_0015_NFF,1292R,0.12,0.34,0.30
11907,1017761444,FR035_MR0254L_RJ_0001_NFF,254L,0.62,1.41,-1.83
11907,1017761444,FR035_MR0254R_RJ_0001_NFF,254R,0.99,1.38,-1.76
11907,1017761444,FR035_MR0765L_SJ_0007_NFF,765L,-0.12,2.19,0.39
11907,1017761444,FR035_MR0765R_SJ_0007_NFF,765R,-0.10,-0.12,-0.68
11911,1017882847,FR035_MR1292L_SJ_0015_NFF,1292L,0.59,1.15,-0.55
11911,1017882847,FR035_MR1292R_SJ_0015_NFF,1292R,-0.59,-0.72,0.70
11911,1017882847,FR035_MR0254L_RJ_0001_NFF,254L,0.92,1.19,-0.52
11911,1017882847,FR035_MR0254R_RJ_0001_NFF,254R,0.57,0.34,-0.53
11911,1017882847,FR035_MR0765L_SJ_0007_NFF,765L,1.29,0.73,-0.04
11911,1017882847,FR035_MR0765R_SJ_0007_NFF,765R,-1.09,-0.35,0.89
11914,1017751239,FR035_MR1292L_SJ_0015_NFF,1292L,-0.37,0.50,1.05
11914,1017751239,FR035_MR1292R_SJ_0015_NFF,1292R,0.37,-0.61,0.79
11914,1017751239,FR035_MR0254L_RJ_0001_NFF,254L,-0.22,0.51,-1.21
11914,1017751239,FR035_MR0254R_RJ_0001_NFF,254R,1.46,-1.06,-1.57
11914,1017751239,FR035_MR0765L_SJ_0007_NFF,765L,-0.27,0.03,0.03
11914,1017751239,FR035_MR0765R_SJ_0007_NFF,765R,-0.40,-1.10,0.70
11918,1017682012,FR035_MR1292L_SJ_0015_NFF,1292L,-0.30,0.29,0.69
11918,1017682012,FR035_MR1292R_SJ_0015_NFF,1292R,0.30,-1.37,0.01
11918,1017682012,FR035_MR0254L_RJ_0001_NFF,254L,0.12,1.45,-1.58
11918,1017682012,FR035_MR0254R_RJ_0001_NFF,254R,0.59,-0.94,-1.70
11918,1017682012,FR035_MR0765L_SJ_0007_NFF,765L,-0.25,1.14,-0.90
11918,1017682012,FR035_MR0765R_SJ_0007_NFF,765R,-0.52,-1.11,0.68
11920,1017926958,FR035_MR1292L_SJ_0015_NFF,1292L,-0.44,0.31,0.45
11920,1017926958,FR035_MR1292R_SJ_0015_NFF,1292R,0.44,-0.38,0.35
11920,1017926958,FR035_MR0254L_RJ_0001_NFF,254L,0.78,-0.35,-1.27
11920,1017926958,FR035_MR0254R_RJ_0001_NFF,254R,0.70,-0.60,-1.01
11920,1017926958,FR035_MR0765L_SJ_0007_NFF,765L,0.10,-1.18,-1.09
11920,1017926958,FR035_MR0765R_SJ_0007_NFF,765R,0.31,-2.44,0.62
11923,1017913051,FR035_MR1292L_SJ_0015_NFF,1292L,0.02,0.73,0.69
11923,1017913051,FR035_MR1292R_SJ_0015_NFF,1292R,-0.02,-0.89,0.96
11923,1017913051,FR035_MR0254L_RJ_0001_NFF,254L,1.01,0.58,-2.37
11923,1017913051,FR035_MR0254R_RJ_0001_NFF,254R,0.43,-1.53,-2.60
11923,1017913051,FR035_MR0765L_SJ_0007_NFF,765L,0.31,-0.18,-0.12
11923,1017913051,FR035_MR0765R_SJ_0007_NFF,765R,-0.63,-0.62,-0.22
11927,1017950121,FR035_MR1292L_SJ_0015_NFF,1292L,-0.25,-0.15,0.51
11927,1017950121,FR035_MR1292R_SJ_0015_NFF,1292R,0.25,-0.92,0.29
11927,1017950121,FR035_MR0254L_RJ_0001_NFF,254L,0.38,-0.37,-1.57
11927,1017950121,FR035_MR0254R_RJ_0001_NFF,254R,-0.43,-0.49,-1.46
11927,1017950121,FR035_MR0765L_SJ_0007_NFF,765L,-0.46,-0.62,0.05
11927,1017950121,FR035_MR0765R_SJ_0007_NFF,765R,-0.04,-0.05,-0.08
11930,1017962939,FR035_MR1292L_SJ_0015_NFF,1292L,0.20,1.56,0.37
11930,1017962939,FR035_MR1292R_SJ_0015_NFF,1292R,-0.20,-0.87,1.01
11930,1017962939,FR035_MR0254L_RJ_0001_NFF,254L,0.88,2.39,-2.56
11930,1017962939,FR035_MR0254R_RJ_0001_NFF,254R,0.78,0.34,-2.36
11930,1017962939,FR035_MR0765L_SJ_0007_NFF,765L,0.76,2.02,-0.57
11930,1017962939,FR035_MR0765R_SJ_0007_NFF,765R,0.44,-0.15,-0.91
11933,1017974890,FR035_MR1292L_SJ_0015_NFF,1292L,-0.39,0.19,0.56
11933,1017974890,FR035_MR1292R_SJ_0015_NFF,1292R,0.39,-1.53,-0.11
11933,1017974890,FR035_MR0254L_RJ_0001_NFF,254L,0.14,2.06,-2.51
11933,1017974890,FR035_MR0254R_RJ_0001_NFF,254R,0.86,-0.06,-2.25
11933,1017974890,FR035_MR0765L_SJ_0007_NFF,765L,0.12,-0.86,-0.18
11933,1017974890,FR035_MR0765R_SJ_0007_NFF,765R,-0.06,-0.91,-0.41
11936,1017989819,FR035_MR1292L_SJ_0015_NFF,1292L,-0.70,1.34,0.92
11936,1017989819,FR035_MR1292R_SJ_0015_NFF,1292R,0.70,-1.97,0.41
11936,1017989819,FR035_MR0254L_RJ_0001_NFF,254L,0.31,1.46,-2.19
11936,1017989819,FR035_MR0254R_RJ_0001_NFF,254R,-0.01,0.65,-2.20
11936,1017989819,FR035_MR0765L_SJ_0007_NFF,765L,-0.67,-0.22,-0.24
11936,1017989819,FR035_MR0765R_SJ_0007_NFF,765R,-0.14,-0.24,0.14
11940,1018026989,FR035_MR1292L_SJ_0015_NFF,1292L,-0.30,0.20,0.73
11940,1018026989,FR035_MR1292R_SJ_0015_NFF,1292R,0.30,-1.38,0.34
11940,1018026989,FR035_MR0254L_RJ_0001_NFF,254L,0.79,1.17,-2.60
11940,1018026989,FR035_MR0254R_RJ_0001_NFF,254R,1.16,-0.06,-2.65
11940,1018026989,FR035_MR0765L_SJ_0007_NFF,765L,0.55,0.48,-1.37
11940,1018026989,FR035_MR0765R_SJ_0007_NFF,765R,-0.46,-0.49,-0.59
11945,1018042262,FR035_MR1292L_SJ_0015_NFF,1292L,-0.35,0.78,0.61
11945,1018042262,FR035_MR1292R_SJ_0015_NFF,1292R,0.35,-1.13,0.19
11945,1018042262,FR035_MR0254L_RJ_0001_NFF,254L,0.08,0.63,-1.71
11945,1018042262,FR035_MR0254R_RJ_0001_NFF,254R,0.80,0.88,-1.77
11945,1018042262,FR035_MR0765L_SJ_0007_NFF,765L,-1.03,0.32,-0.67
11945,1018042262,FR035_MR0765R_SJ_0007_NFF,765R,-0.20,0.05,0.15